Newreno CWND flow 1,Newreno CWND flow 2,Tahoe CWND flow 1,Tahoe CWND flow 2,Vegas CWND flow 1,Vegas CWND flow 2
1.0,1.0,1.0,1.0,1.0,1.0
3.2448299999999994,2.2,3.2448299999999994,1.7,4.8,3.0
2.5,3.8824149999999995,2.5,3.0724149999999995,6.0,2.625
4.132302999999999,3.782956,4.266183,3.558326,4.25,2.625
5.412434999999999,4.848659,5.697013999999999,4.87415,4.25,2.625
6.532484000000001,5.879222,6.717549,5.901317999999999,4.25,2.625
5.354246,4.773439,3.7351280000000004,3.554837,4.25,2.625
4.0104999999999995,4.291683000000001,2.266665,3.0736850000000002,4.25,2.625
5.0122230000000005,5.611689,4.365994000000001,4.8332120000000005,4.25,2.625
6.104099,6.505279999999999,5.409368000000001,5.902319999999999,4.25,2.625
5.246038,5.207225,6.193305999999998,5.721665,4.25,2.625
3.7631959999999993,4.762805999999999,1.0,4.987440000000001,4.25,2.625
4.875008000000001,5.170118,3.3562130000000003,2.682205,4.25,2.625
5.671099,6.417434999999999,4.748402000000001,4.820549,4.25,2.625
5.016191999999999,5.259518,5.661760000000001,6.187943,4.25,2.625
3.78697,4.7002120000000005,6.581546,3.820094,4.25,2.625
4.720003,5.915703000000001,2.183446,5.007021999999999,4.25,2.625
5.837722999999999,6.755043000000001,3.7989829999999998,6.784578000000001,4.25,2.625
4.635032000000001,4.858131000000001,4.466423000000001,4.62377,4.25,2.625
3.7459349999999993,4.311398,5.332438000000001,4.285169999999999,4.25,2.625
4.723594,5.533427,1.7600000000000002,2.868256,4.25,2.625
5.594810999999999,6.597333000000001,3.3004490000000004,5.139183,4.25,2.625
4.965249,5.344468000000001,4.579282000000001,6.379942000000002,4.25,2.625
3.6460859999999995,4.888396999999999,5.5594079999999995,4.466524,4.25,2.625
4.814451,5.862743,4.435169999999999,4.191775000000001,4.25,2.625
5.776576,6.164973000000001,2.1712040000000004,4.158486,4.25,2.625
4.962837,5.124307,4.171893,4.572557000000001,4.25,2.625
3.670079,4.6136230000000005,5.21583,5.760555,4.25,2.625
4.609751,5.849126999999999,6.022392,4.462261,4.25,2.625
5.722808000000001,6.703245,4.509025,2.8272880000000002,4.25,2.625
4.5221,5.518988,2.9157640000000002,4.369915999999999,4.25,2.625
3.6393989999999996,4.233040000000001,4.3537170000000005,6.1642980000000005,4.25,2.625
4.618926,5.444959,5.257947,4.607430000000001,4.25,2.625
5.591090999999999,6.521666000000001,6.330642,4.285169999999999,4.25,2.625
4.5219640000000005,5.286298,3.995664,2.1533320000000002,4.25,2.625
3.6393310000000008,4.836304,2.166665,4.443119,4.25,2.625
4.798795,5.830221,4.1650030000000005,3.800846000000001,4.25,2.625
5.6757100000000005,6.148751000000002,5.3633880000000005,5.2165539999999995,4.25,2.625
4.862079,5.046675,6.272741999999999,5.1275509999999995,4.25,2.625
3.569701,4.5908940000000005,3.7672040000000004,4.298542,4.25,2.625
4.674805,5.791403000000001,2.50545,4.553672999999999,4.25,2.625
5.866853999999999,6.651011,4.080222000000001,4.170565999999999,4.25,2.625
4.521924,5.470944,5.254624,5.798036999999999,4.25,2.625
3.6645209999999997,4.3002839999999996,5.023123,3.4530079999999996,4.25,2.625
4.618862,5.413535,1.7,4.708195999999999,4.25,2.625
5.8225940000000005,6.4422060000000005,3.030231,3.9165900000000007,4.25,2.625
4.71192,5.196157,4.655150999999999,5.540762000000001,4.25,2.625
3.829306999999999,4.746071,5.830201,5.1804760000000005,4.25,2.625
4.988783,5.8161950000000004,3.3081359999999997,2.9503280000000003,4.25,2.625
5.675698,6.811719999999999,2.266665,5.293428999999999,4.25,2.625
4.862067000000001,4.960348999999999,4.088335000000001,6.476568,4.25,2.625
3.569697,4.53646,5.009005,7.599196999999999,4.25,2.625
4.674801,5.704648999999999,5.679466999999999,3.7364249999999997,4.25,2.625
5.8668499999999995,6.558511,1.4,4.007776,4.25,2.625
4.62192,5.425263999999999,3.5266539999999997,5.861803,4.25,2.625
3.764521,4.274217999999999,4.454842,5.939282,4.25,2.625
4.718862,5.50488,5.455928,7.185256999999998,4.25,2.625
5.8225940000000005,6.442558,2.775415,2.00183,4.25,2.625
4.62192,5.217204,2.871204,4.140274000000001,4.25,2.625
3.7393069999999993,4.796637,4.116006999999999,5.860564000000001,4.25,2.625
4.898779,5.860024,5.345299000000001,6.830276,4.25,2.625
5.775698,6.8842669999999995,6.340832999999999,5.058631999999999,4.25,2.625
4.962067,5.006628,1.15,1.933332,4.25,2.625
3.669697,4.574733,3.369997,4.444393000000001,4.25,2.625
4.674801,5.737093999999999,4.736515000000002,5.786924999999999,4.25,2.625
5.966849999999999,6.587181000000001,5.628292,6.8109459999999995,4.25,2.625
4.62192,5.475764,6.252389999999999,4.107635,4.25,2.625
3.764521,4.951851,3.9993759999999994,3.467532,4.25,2.625
4.718862,5.482714,2.6054500000000003,5.031825,4.25,2.625
5.8225940000000005,6.367607,3.5268900000000003,3.3829220000000007,4.25,2.625
4.62192,5.153264,5.303508,4.945169999999999,4.25,2.625
3.7393069999999993,4.739937,5.083050999999999,2.8879360000000003,4.25,2.625
4.898779,5.8085439999999995,4.410480000000001,4.542410000000001,4.25,2.625
5.775698,6.844547,2.7302310000000003,5.858911,4.25,2.625
4.962067,5.006518999999999,4.193334999999999,4.922140000000001,4.25,2.625
3.669697,4.49626,5.561361,6.071745999999999,4.25,2.625
4.774801,5.671085,3.090352,2.679052,4.25,2.625
5.966849999999999,6.529101,4.633885000000001,4.761820999999999,4.25,2.625
4.62192,5.423304,3.4650030000000003,6.067283999999999,4.25,2.625
3.764521,4.903631,4.751364000000001,4.832573999999999,4.25,2.625
4.718862,5.482687,5.761997999999999,4.963619000000001,4.25,2.625
5.8225940000000005,6.284789,3.408136,4.155712,4.25,2.625
4.62192,5.084762,2.6054500000000003,5.8884609999999995,4.25,2.625
3.7393069999999993,4.680192,3.42689,5.974593999999999,4.25,2.625
4.898779,5.754874,4.717388,7.180833999999999,4.25,2.625
5.675698,6.795407,4.314411000000001,1.649836,4.25,2.625
4.52192,5.651225999999999,2.166666,4.063357999999999,4.25,2.625
3.569697,4.4082,3.696843,5.762891000000001,4.25,2.625
4.852846,5.599727,4.718697999999999,6.909712000000001,4.25,2.625
5.942744,6.467498000000001,5.564221999999999,7.817746,4.25,2.625
4.52192,5.368303999999999,2.971468,1.0,4.25,2.625
3.688227,4.8962069999999995,2.986665,3.776213,4.25,2.625
4.694418,6.111749,4.362666,5.4169599999999996,4.25,2.625
5.8668499999999995,6.239323000000001,5.1669920000000005,6.695751,4.25,2.625
4.52192,5.01014,6.083135999999999,3.6978549999999997,4.25,2.625
3.754305,4.616537,1.2,2.9341999999999997,4.25,2.625
4.880522999999999,5.748323999999999,3.5155370000000006,5.150581,4.25,2.625
5.738778,6.744167,4.519095999999999,5.373274,4.25,2.625
4.52192,5.611725999999999,5.626234000000001,6.493305999999999,4.25,2.625
3.569697,4.469507,5.083550999999999,1.649836,4.25,2.625
4.852846,5.521338999999999,4.516014,3.8300229999999997,4.25,2.625
5.942744,6.420452,5.810751000000001,5.173836000000001,4.25,2.625
4.52192,5.325671999999999,3.7829220000000006,6.061136,4.25,2.625
3.688227,4.886533,5.4534259999999986,5.4505419999999996,4.25,2.625
4.694418,6.103144,3.144764,2.221204,4.25,2.625
5.8668499999999995,6.239323000000001,4.783025,4.2771680000000005,4.25,2.625
4.52192,4.974653999999999,5.794094000000001,5.708475999999999,4.25,2.625
3.754305,4.5480540000000005,3.8879400000000004,4.512346,4.25,2.625
4.880522999999999,5.722879,5.276527999999999,2.943644,4.25,2.625
5.738778,6.745224,3.190352,3.9391079999999996,4.25,2.625
4.52192,5.622719999999999,4.890340999999999,5.765561,4.25,2.625
3.569697,5.157103,3.066464,5.787231,4.25,2.625
4.852846,5.433283999999999,4.5692140000000006,4.185169999999999,4.25,2.625
5.942744,6.405765,4.396927000000001,2.8132600000000005,4.25,2.625
4.52192,5.310243,3.8890659999999997,4.584869,4.25,2.625
3.688227,4.831543,2.775639,5.939682,4.25,2.625
4.694418,6.120332,3.9329220000000005,6.938300000000001,4.25,2.625
5.8668499999999995,6.876237000000001,4.968501999999999,7.990273999999999,4.25,2.625
4.52192,4.944959999999999,2.5118160000000005,1.2,4.25,2.625
3.754305,4.48637,2.376665,3.5054500000000006,4.25,2.625
4.880522999999999,5.670140999999999,3.9368899999999996,5.468414,4.25,2.625
5.738778,6.7166429999999995,4.973715999999999,6.7086879999999995,4.25,2.625
4.52192,5.58018,5.7437640000000005,4.576188,4.25,2.625
3.569697,5.125603,3.3214680000000003,2.52532,4.25,2.625
4.852846,5.433283999999999,3.132205,4.736661000000001,4.25,2.625
5.942744,6.341025,4.350248,5.057759,4.25,2.625
4.62192,5.244307999999999,5.464934000000001,6.142457999999999,4.25,2.625
3.878227,4.753424000000001,4.964354999999999,4.003474,4.25,2.625
4.884417999999999,6.0407720000000005,4.267650000000001,3.352063,4.25,2.625
6.056849999999999,6.795407,3.2256389999999997,5.205214000000001,4.25,2.625
4.52192,5.589674,4.798686000000001,6.363588,4.25,2.625
3.754305,4.345173,5.735829999999998,7.350538,4.25,2.625
4.880522999999999,5.554303,3.335832000000001,1.2,4.25,2.625
5.738778,6.61601,5.021817,3.1054500000000003,4.25,2.625
4.52192,5.48998,6.172554,5.006566000000001,4.25,2.625
3.569697,5.043133,3.6379400000000004,6.0400480000000005,4.25,2.625
4.952846,5.384774999999999,5.264711999999999,2.31256,4.25,2.625
6.042744000000001,6.327789,3.225448,3.5465240000000002,4.25,2.625
4.62192,5.244648,5.233417,5.139104999999999,4.25,2.625
3.788227,4.773823,6.021752000000001,5.115299,4.25,2.625
4.952846,6.068192000000001,3.865654,6.056637999999998,4.25,2.625
6.10748,6.820466999999999,2.4157640000000002,2.396254,4.25,2.625
4.62192,4.945075999999999,4.066993999999999,4.287839,4.25,2.625
3.878011,4.4334810000000004,5.248996,5.618502000000001,4.25,2.625
4.980523,5.6231979999999995,3.586247,6.681684,4.25,2.625
5.900329999999999,6.647373,4.83517,5.042401999999999,4.25,2.625
4.62192,5.50869,2.6889960000000004,2.1333320000000002,4.25,2.625
3.882117,5.060153,4.422063,4.158082,4.25,2.625
5.124082999999999,6.0780579999999995,5.544110000000001,5.749529,4.25,2.625
6.0581320000000005,6.239351999999999,3.6379400000000004,6.824294999999999,4.25,2.625
4.62192,5.248653,4.998044,4.661908,4.25,2.625
3.788227,4.762594,2.615764,5.860432,4.25,2.625
4.952846,6.003502,4.2712010000000005,4.270524,4.25,2.625
6.10748,6.761517,3.854548,5.0217339999999995,4.25,2.625
4.62192,5.581522,4.886858,6.2613699999999985,4.25,2.625
3.878011,4.430652,2.7490120000000005,4.192614000000001,4.25,2.625
4.980523,5.608527,4.188134,4.395665,4.25,2.625
5.900329999999999,6.607901,2.9408600000000003,4.33945,4.25,2.625
4.62192,5.45167,4.607451,5.976656,4.25,2.625
3.882117,5.029840999999999,5.550654,7.077067000000001,4.25,2.625
5.124082999999999,6.030447999999999,3.1889399999999997,3.5081359999999995,4.25,2.625
6.0581320000000005,6.294042,4.782695,2.7822050000000003,4.25,2.625
4.62192,5.258378,3.57689,4.770245,4.25,2.625
3.788227,4.738705,4.903704,6.2003520000000005,4.25,2.625
4.952846,5.961542,5.686224000000001,4.098392,4.25,2.625
6.10748,6.708687,3.340352,2.72532,4.25,2.625
4.52192,5.579196,5.213880999999999,4.31855,4.25,2.625
3.7780110000000002,4.430646,6.250212,4.421272,4.25,2.625
4.880522999999999,5.595197999999999,3.865654,5.537801999999999,4.25,2.625
5.80033,6.585764,2.35,1.649836,4.25,2.625
4.52192,5.401654,4.019478,3.783357,4.25,2.625
3.7821170000000004,4.984941,5.209856,5.285105999999999,4.25,2.625
5.024082999999999,5.989367999999999,6.302099,6.234660000000001,4.25,2.625
5.958132000000001,6.956993,4.035169999999999,7.066323,4.25,2.625
4.52192,5.184232,2.083332,1.8,4.25,2.625
3.688227,4.678832,4.053223000000001,4.120305,4.25,2.625
4.852846,5.909949,5.24929,5.515965,4.25,2.625
6.007479999999999,6.662667000000001,3.6779399999999995,6.594741000000001,4.25,2.625
4.52192,5.537255999999999,4.598158,4.202115,4.25,2.625
3.7780110000000002,5.059709,2.74921,3.4610100000000004,4.25,2.625
4.880522999999999,5.564539999999999,4.503633000000001,5.125694,4.25,2.625
5.80033,6.511143,5.412684,6.432658000000001,4.25,2.625
4.52192,5.338,3.715654,6.132877999999999,4.25,2.625
3.7821170000000004,4.928501,1.8,4.1780349999999995,4.25,2.625
5.024082999999999,5.938127999999999,3.43243,5.958607000000001,4.25,2.625
5.958132000000001,6.917493,4.479856000000001,3.834734,4.25,2.625
4.52192,5.184232,4.026247,5.733967999999999,4.25,2.625
3.688227,4.600444,5.096373999999999,6.921149,4.25,2.625
4.852846,5.844014,2.5257759999999996,4.820702,4.25,2.625
6.007479999999999,6.604647,4.227723,5.349409000000001,4.25,2.625
4.52192,5.484845999999999,3.2168900000000002,3.3006590000000005,4.25,2.625
3.800457,5.011539000000001,4.60934,5.681618,4.25,2.625
4.953478999999999,5.564539999999999,5.484801,3.6242840000000003,4.25,2.625
5.876224000000001,6.428347,3.3302199999999997,4.9107259999999995,4.25,2.625
4.52192,5.2695170000000005,4.973745000000001,3.7981900000000004,4.25,2.625
3.8719010000000003,4.868774999999999,3.3006590000000005,5.39917,4.25,2.625
5.189266,5.884468,4.826774,6.6155659999999985,4.25,2.625
5.9731630000000004,6.8683629999999996,2.7215119999999997,3.090352,4.25,2.625
4.52192,5.828946,4.257017,5.229701,4.25,2.625
3.805823,4.57124,5.308366,3.7892490000000003,4.25,2.625
5.024082999999999,5.77266,6.438088000000002,5.363529,4.25,2.625
6.022868,6.543054,3.985169999999999,5.640314000000001,4.25,2.625
4.52192,5.518053,1.5,3.850226,4.25,2.625
3.800457,5.022696999999999,4.091137000000001,4.373605,4.25,2.625
4.953478999999999,6.216049999999999,5.334526,4.376455,4.25,2.625
5.876224000000001,6.400001999999999,6.177768,6.016215999999998,4.25,2.625
4.52192,5.194896,4.059025,3.7338270000000002,4.25,2.625
3.9719010000000003,4.825557,2.0,2.859177,4.25,2.625
5.339266,5.808507999999999,4.221201000000001,4.928764,4.25,2.625
6.123163,6.8348249999999995,5.291011,6.1397379999999995,4.25,2.625
4.67192,5.773286000000001,6.260661999999999,6.0241099999999985,4.25,2.625
3.955823,4.612225,1.1,3.8932810000000004,4.25,2.625
5.174082999999999,5.666171,3.319997,3.390956,4.25,2.625
6.172867999999999,6.508718999999999,4.700889999999999,5.139469000000001,4.25,2.625
4.67192,5.529457000000001,5.835648000000001,6.142086000000001,4.25,2.625
3.950457,4.972703,3.985169999999999,5.890119,4.25,2.625
5.103478999999998,6.235367999999999,1.5,5.209770000000001,4.25,2.625
6.026224000000001,7.096073,3.576213,5.577869,4.25,2.625
4.67192,5.082147,4.665886,3.8262179999999995,4.25,2.625
4.021901000000001,4.732964,3.6214079999999997,5.7416789999999995,4.25,2.625
5.339266,5.747559,4.819025,3.7159459999999997,4.25,2.625
6.123163,6.824867,2.9357759999999997,5.056620000000001,4.25,2.625
4.67192,5.731926,4.361257,6.745054000000001,4.25,2.625
3.955823,5.256939,5.272126999999999,4.66371,4.25,2.625
5.174082999999999,5.606218,4.653442,4.818502,4.25,2.625
6.172867999999999,6.466199999999999,2.4357759999999997,3.170196,4.25,2.625
4.67192,5.4773000000000005,3.9457170000000006,5.181844,4.25,2.625
3.950457,4.926283,5.03917,3.8780210000000004,4.25,2.625
5.103478999999998,6.193128,3.5879400000000006,4.924404,4.25,2.625
6.026224000000001,7.072523000000001,4.918501999999999,5.118799000000001,4.25,2.625
4.67192,5.066636,2.365764,4.666122,4.25,2.625
4.021901000000001,4.669292,4.373209,4.890340999999999,4.25,2.625
5.339266,5.693599,5.435026,3.8420189999999996,4.25,2.625
6.123163,6.767917,6.266560000000001,5.487482,4.25,2.625
4.67192,5.680306,7.148281,3.1168950000000004,4.25,2.625
3.955823,5.209389,1.6,4.276102,4.25,2.625
5.174082999999999,5.606218,4.076321,4.3778500000000005,4.25,2.625
6.172867999999999,6.386423,5.214631,5.684914000000001,4.25,2.625
4.67192,5.410547,6.3498019999999995,5.220946,4.25,2.625
3.950457,4.867713,3.7672040000000004,3.378904,4.25,2.625
5.103478999999998,6.140317999999999,2.166665,2.9960120000000003,4.25,2.625
6.026224000000001,7.024043000000001,4.165994,4.775953,4.25,2.625
3.311332,5.066636,5.478292000000001,5.86018,4.25,2.625
4.131079000000001,4.584849999999999,6.193305999999998,5.683255,4.25,2.625
5.356917,5.624197999999999,1.0,4.96731,4.25,2.625
6.123163,6.367438,3.4387820000000007,2.582205,4.25,2.625
4.67192,5.626216000000001,4.648402000000001,4.775351000000001,4.25,2.625
4.153847,5.1599189999999995,5.6112519999999995,6.175662000000001,4.25,2.625
5.339266,6.250932000000001,5.142635,3.841483000000001,4.25,2.625
6.187899,6.312278999999999,2.1,5.045241999999999,4.25,2.625
4.67192,5.419333,3.5635630000000007,6.827998000000001,4.25,2.625
4.068053000000001,4.864307999999999,4.559099000000001,4.66371,4.25,2.625
5.174082999999999,6.084847999999999,3.8398489999999996,4.299941,4.25,2.625
6.108132,6.973533000000001,1.7600000000000002,3.1169400000000005,4.25,2.625
3.311332,5.775997,3.4047650000000003,5.229233000000001,4.25,2.625
4.131079000000001,4.554193,4.644055,6.473954999999999,4.25,2.625
5.356917,5.637349,5.459407999999999,4.5728539999999995,4.25,2.625
6.123163,5.299729,4.285169999999999,4.253035,4.25,2.625
4.67192,5.5986650000000004,2.021204,4.256024000000001,4.25,2.625
4.153847,5.128735,4.184502,4.620583000000001,4.25,2.625
5.339266,6.2033819999999995,5.06583,6.298826,4.25,2.625
6.187899,6.347581,5.904948,4.799470999999999,4.25,2.625
4.67192,5.3666160000000005,3.175415,2.987032,4.25,2.625
4.068053000000001,4.83854,2.965764,4.794892,4.25,2.625
5.174082999999999,6.106566,4.251743,6.3356520000000005,4.25,2.625
6.108132,6.920723000000001,5.415735,4.66371,4.25,2.625
3.311332,5.756916,6.431520999999999,4.314711999999999,4.25,2.625
4.131079000000001,4.554193,3.995664,2.684585,4.25,2.625
5.206917,5.620245,2.166665,4.676178,4.25,2.625
6.123163,5.2695419999999995,4.1650030000000005,3.917595,4.25,2.625
4.777221,5.4849950000000005,5.3633880000000005,5.504254,4.25,2.625
4.259148,5.017695,6.272741999999999,5.188810999999999,4.25,2.625
5.189266,6.102292,3.7672040000000004,4.354822,4.25,2.625
6.037899,6.988097000000001,2.50545,4.601698999999999,4.25,2.625
4.52192,5.292472000000001,4.080222000000001,4.691606,4.25,2.625
3.9180530000000005,4.70028,5.254624,5.9352469999999995,4.25,2.625
5.024082999999999,6.010406000000001,5.023123,3.540697,4.25,2.625
6.0581320000000005,6.806683000000001,1.7,5.1509860000000005,4.25,2.625
3.311332,5.644546,3.030231,4.051113000000001,4.25,2.625
4.131079000000001,5.118607,4.655150999999999,5.604882000000001,4.25,2.625
5.356917,6.2343020000000005,5.830201,5.276527999999999,4.25,2.625
6.123163,5.106281999999999,3.3081359999999997,3.485527,4.25,2.625
4.67192,5.392402000000001,2.166665,5.457598999999999,4.25,2.625
4.153847,4.946935999999999,3.8983350000000003,6.625805,4.25,2.625
5.339266,6.038922,4.753704000000001,7.750774,4.25,2.625
6.187899,6.922137000000001,5.424165999999999,3.8615250000000003,4.25,2.625
4.52192,5.929386,1.4,4.166906,4.25,2.625
3.9180530000000005,4.612225,3.5266539999999997,4.710483000000001,4.25,2.625
5.024082999999999,5.913807,4.454842,6.503381,4.25,2.625
5.958132000000001,6.733639000000001,5.455928,7.378955999999998,4.25,2.625
3.161332,5.588596000000001,2.775415,2.261645,4.25,2.625
3.9810790000000003,5.067736999999999,2.721204,4.31221,4.25,2.625
5.206917,6.202802,3.9660070000000003,6.0414650000000005,4.25,2.625
5.9731630000000004,5.090770999999999,5.195299,6.979685999999999,4.25,2.625
3.2789279999999996,5.315333000000001,6.236153999999999,3.9147119999999993,4.25,2.625
4.089319,4.881788,1.0,2.4974309999999997,4.25,2.625
5.348993,5.9814419999999995,3.3900890000000006,4.770975000000002,4.25,2.625
6.037899,6.529979999999999,4.648402000000001,5.985397,4.25,2.625
4.52192,5.881526,5.478292000000001,6.982881999999999,4.25,2.625
4.026293,4.650003,6.339752,4.261525000000001,4.25,2.625
5.110797999999999,5.832563,4.1478720000000004,3.6169420000000003,4.25,2.625
6.037899,6.666038,2.582205,3.918699000000001,4.25,2.625
3.2613320000000003,5.60043,3.8664639999999997,3.9470210000000003,4.25,2.625
4.235269000000001,4.996177,5.363494,5.371751999999999,4.25,2.625
5.374035999999999,6.185834,4.983051,3.099745,4.25,2.625
6.123163,5.735485,4.430294,4.725498,4.25,2.625
3.428928,5.213631000000001,2.675639,6.022581,4.25,2.625
4.239319,4.786582,4.316254000000001,5.07155,4.25,2.625
5.4989930000000005,5.899286,5.506682,4.935916,4.25,2.625
6.187899,5.453308,3.057288,3.4431510000000003,4.25,2.625
4.67192,5.844045,4.593885,5.270972,4.25,2.625
4.176292999999999,5.329381,3.42689,6.317177,4.25,2.625
5.260797999999999,5.7930459999999995,4.753704000000001,5.095434,4.25,2.625
6.187899,6.566458,5.765039999999999,3.351874,4.25,2.625
3.311332,5.552787,3.5081359999999995,4.364483,4.25,2.625
4.235269000000001,5.027424,2.582205,4.845613,4.25,2.625
5.374035999999999,6.214502,3.4664639999999998,6.632128000000002,4.25,2.625
6.123163,5.737824999999999,4.901646000000001,7.607415999999999,4.25,2.625
3.428928,5.213631000000001,4.314411000000001,1.861645,4.25,2.625
4.239319,4.726422,2.166666,4.346445,4.25,2.625
5.4989930000000005,5.832533,3.696843,5.988448,4.25,2.625
6.187899,5.446095,4.718697999999999,7.116522000000002,4.25,2.625
4.67192,5.791235,5.564221999999999,6.681915999999999,4.25,2.625
4.176292999999999,5.280901,2.971468,1.7640989999999999,4.25,2.625
5.260797999999999,5.854353999999999,2.986665,4.395456,4.25,2.625
6.187899,6.496823000000001,4.362666,5.743021000000001,4.25,2.625
3.311332,5.495353,5.1669920000000005,7.003569999999999,4.25,2.625
4.235269000000001,5.006807,6.083135999999999,2.08611,4.25,2.625
5.374035999999999,6.190980000000001,1.2,3.08361,4.25,2.625
6.123163,5.713374999999999,3.5155370000000006,4.128271,4.25,2.625
3.428928,5.858345000000001,4.519095999999999,6.005756000000001,4.25,2.625
4.239319,4.652278,5.626234000000001,6.931985999999999,4.25,2.625
5.4989930000000005,5.77266,5.083550999999999,1.8720430000000001,4.25,2.625
6.187899,5.394502,4.516014,4.089037,4.25,2.625
4.52192,5.745215,5.810751000000001,5.387204000000001,4.25,2.625
4.1262929999999995,5.230391,3.7829220000000006,6.218336000000001,4.25,2.625
5.210797999999999,5.805844999999999,5.4534259999999986,4.314711999999999,4.25,2.625
6.137899,6.539825,3.144764,2.800361,4.25,2.625
3.2613320000000003,5.530608,4.783025,4.759614000000001,4.25,2.625
4.185269,5.037413,5.794094000000001,5.948058999999999,4.25,2.625
5.3240359999999995,6.2184,3.8879400000000004,4.704694000000001,4.25,2.625
6.073163,5.738435,5.276527999999999,3.115754,4.25,2.625
3.3789279999999997,5.213747000000001,3.190352,4.119352,4.25,2.625
4.189318999999999,4.697850000000001,4.890340999999999,4.647107,4.25,2.625
5.448993,5.809187,3.066464,6.366387999999999,4.25,2.625
6.137899,5.425865,4.5692140000000006,4.623849999999999,4.25,2.625
3.3789279999999997,5.773125,2.621512,3.035467,4.25,2.625
4.312621,5.264361,4.252498,4.777217,4.25,2.625
5.373437,6.499127999999999,2.7908600000000003,6.111792000000001,4.25,2.625
6.200978999999999,6.111241,3.836247,7.104380000000002,4.25,2.625
3.2613320000000003,5.509365,4.818502,6.862584,4.25,2.625
4.314877,5.014774000000001,2.4526320000000004,1.779157,4.25,2.625
5.3240359999999995,6.1946900000000005,2.281711,4.04413,4.25,2.625
6.137899,5.688055,3.7868899999999996,5.7225779999999995,4.25,2.625
3.3789279999999997,5.923885,4.923715999999999,6.918177,4.25,2.625
4.293508999999999,4.652285,5.693764,4.749738,4.25,2.625
5.466112,5.783036,3.271468,2.7836100000000004,4.25,2.625
6.137899,5.362139999999999,3.2822050000000003,3.6305620000000003,4.25,2.625
3.3789279999999997,5.716615,4.442648,5.6218580000000005,4.25,2.625
4.312621,5.213061000000001,5.494706000000001,6.669039999999998,4.25,2.625
5.373437,6.459567999999999,3.1389399999999994,4.228865000000001,4.25,2.625
6.200978999999999,5.090773,4.517650000000001,3.606445,4.25,2.625
3.2613320000000003,5.510783,3.6908600000000007,5.378764000000001,4.25,2.625
4.314877,4.988054,4.802011000000002,6.590896000000001,4.25,2.625
5.3240359999999995,6.205266,5.761997999999999,6.267161,4.25,2.625
6.137899,5.295478,3.347708,1.7640989999999999,4.25,2.625
3.3789279999999997,5.9027650000000005,5.0268630000000005,4.008787,4.25,2.625
4.293508999999999,4.740476,6.169674000000001,5.328068,4.25,2.625
5.466112,5.780522,3.5879400000000006,6.3122180000000006,4.25,2.625
6.137899,5.343541999999999,5.314711999999999,2.48611,4.25,2.625
3.3789279999999997,5.683949,3.245764,3.9048140000000005,4.25,2.625
4.312621,5.179018,5.183417,4.1266359999999995,4.25,2.625
5.373437,6.410437999999999,5.971752,5.808051000000001,4.25,2.625
6.200978999999999,5.735485,3.815654,4.611751999999999,4.25,2.625
3.2613320000000003,5.422727,2.365764,2.621645,4.25,2.625
4.314877,4.9167,4.0169939999999995,4.542221,4.25,2.625
5.3240359999999995,6.204980999999999,5.198995999999999,5.869012000000001,4.25,2.625
6.137899,5.249848,3.5362470000000004,6.935738000000001,4.25,2.625
3.3789279999999997,5.861125,4.785169999999999,3.9590250000000005,4.25,2.625
4.293508999999999,5.406788,2.638996,2.697431,4.25,2.625
5.466112,5.756426,4.372063,4.847783,4.25,2.625
6.137899,5.298488,5.494110000000001,6.052656000000001,4.25,2.625
3.3789279999999997,5.631211,3.5879400000000006,7.081358,4.25,2.625
4.312621,5.132198,4.948044,4.894702,4.25,2.625
5.373437,6.3678979999999985,2.565764,6.026512000000001,4.25,2.625
6.200978999999999,5.703985,4.221201000000001,3.1908600000000003,4.25,2.625
3.2613320000000003,5.422727,3.8045479999999996,5.635352999999999,4.25,2.625
4.314877,4.851958999999999,4.836858,6.831486,4.25,2.625
5.3240359999999995,6.150376999999999,2.6990120000000006,4.428403,4.25,2.625
6.137899,5.192368,4.138133999999999,3.215705,4.25,2.625
3.3789279999999997,5.809115,2.8908600000000004,4.52144,4.25,2.625
4.293508999999999,5.358928,4.557451,6.165439999999999,4.25,2.625
5.466112,5.756426,5.500653999999999,5.949377000000001,4.25,2.625
6.137899,5.217243999999999,3.1389399999999994,4.087293,4.25,2.625
3.3789279999999997,5.56361,4.7326950000000005,3.3208849999999996,4.25,2.625
4.212621,5.073059,3.5268900000000003,5.006034,4.25,2.625
5.373437,6.305537999999999,4.8537040000000005,6.403994,4.25,2.625
6.200978999999999,5.6468549999999995,5.636224,4.280382,4.25,2.625
3.3789279999999997,6.0674410000000005,3.657288,2.8914,4.25,2.625
4.436169,4.7502569999999995,5.219405,3.1908600000000003,4.25,2.625
5.3240359999999995,6.067691999999999,6.296322999999999,5.000429000000001,4.25,2.625
6.200978999999999,5.120875,3.8934420000000003,6.0764819999999995,4.25,2.625
3.408327,5.795643,2.3,1.8720430000000001,4.25,2.625
4.393345,5.300618,4.142113,3.975705,4.25,2.625
5.482742,6.41703,5.329174000000001,5.457216,4.25,2.625
6.137899,5.157290999999999,6.355144000000001,6.408138000000001,4.25,2.625
3.4871679999999996,5.4771909999999995,3.985169999999999,5.338687999999999,4.25,2.625
4.394365,4.999198,2.033332,2.379157,4.25,2.625
5.530848,6.249097999999999,4.144393000000001,4.558985,4.25,2.625
6.262531,5.595615,5.312722,5.769529,4.25,2.625
3.3789279999999997,6.027941,3.6214079999999997,6.821422,4.25,2.625
4.436169,4.8069239999999995,4.4590250000000005,4.445534,4.25,2.625
5.3240359999999995,6.070473999999999,2.865764,3.7580660000000004,4.25,2.625
6.200978999999999,5.05494,4.672557,4.120586,4.25,2.625
3.408327,5.788051,5.508794999999999,5.880674999999999,4.25,2.625
4.393345,5.275268,3.983442,6.864921999999998,4.25,2.625
5.482742,6.4208359999999995,2.1886330000000003,4.464011000000001,4.25,2.625
6.137899,4.849512,3.7158749999999996,6.270171,4.25,2.625
3.4871679999999996,5.394395,4.722672,4.0522100000000005,4.25,2.625
4.394365,5.037801,3.8879400000000004,6.0522409999999995,4.25,2.625
5.530848,6.189371999999999,4.906374,4.772335,4.25,2.625
6.262531,5.541955,2.335776,4.242573,4.25,2.625
3.3789279999999997,6.005871000000001,4.253101,5.985663000000001,4.25,2.625
4.436169,5.470527,3.1268900000000004,4.067290999999999,4.25,2.625
5.3240359999999995,6.057454,4.5693399999999995,5.987944000000001,4.25,2.625
6.200978999999999,4.983586,5.444801,3.9104680000000003,4.25,2.625
3.408327,5.726458,3.48022,5.169351999999999,4.25,2.625
4.393345,5.301457999999999,5.023745000000001,4.09163,4.25,2.625
5.482742,6.431993999999999,3.3506590000000003,4.421272,4.25,2.625
6.137899,5.518794,4.876774,6.085839,4.25,2.625
3.4871679999999996,5.348931,2.771512,3.729032,4.25,2.625
4.394365,5.005516,4.307017,5.520974000000001,4.25,2.625
5.530848,6.136633999999999,5.208366,4.41593,4.25,2.625
6.262531,5.495134999999999,6.438088000000002,5.573406,4.25,2.625
3.3789279999999997,5.963331,3.985169999999999,4.041179000000001,4.25,2.625
4.436169,5.439027,1.5,3.5489310000000005,4.25,2.625
5.3240359999999995,6.057454,4.091137000000001,4.026142,4.25,2.625
6.200978999999999,4.918846,5.334526,5.263252,4.25,2.625
3.408327,5.671854000000001,6.177768,6.476051,4.25,2.625
4.393345,5.253337999999999,4.059025,4.037037999999999,4.25,2.625
5.482742,6.388494,2.0,3.331326,4.25,2.625
6.137899,5.470934,4.221201000000001,3.921434,4.25,2.625
3.4871679999999996,5.348931,5.291011,5.603619,4.25,2.625
4.394365,4.924272,6.260661999999999,6.613268,4.25,2.625
5.530848,6.069032999999999,1.1,4.180726,4.25,2.625
6.262531,5.435996,3.319997,3.633211,4.25,2.625
3.3789279999999997,5.910101,4.700889999999999,5.353104,4.25,2.625
4.436169,5.390227,5.835648000000001,6.335426,4.25,2.625
5.3240359999999995,6.702167999999999,3.8851699999999996,4.832703,4.25,2.625
6.200978999999999,4.832655,1.59,4.4372,4.25,2.625
3.408327,5.601498,3.9523200000000003,6.2002809999999995,4.25,2.625
4.514637,5.192389,4.944757000000001,4.007636,4.25,2.625
5.482742,6.333953999999999,3.5539639999999997,5.869590999999999,4.25,2.625
6.200978999999999,5.421134,3.773347,3.817348,4.25,2.625
3.5165669999999998,6.0362729999999996,3.035776,5.147380000000001,4.25,2.625
4.4942009999999994,4.864319,4.309283000000001,6.819394000000001,4.25,2.625
5.620433999999999,6.014153999999999,5.264802999999999,3.4879400000000005,4.25,2.625
6.412655000000001,5.339898,4.7898489999999985,5.133273,4.25,2.625
3.6424689999999997,5.805111,2.591077,3.2298050000000003,4.25,2.625
4.686293999999999,5.340844,4.224588,5.207429,4.25,2.625
5.299592,6.666961000000001,5.069543,3.8545209999999996,4.25,2.625
6.1625309999999995,5.461858,3.5879400000000006,4.892262,4.25,2.625
3.308327,5.5093559999999995,4.918501999999999,5.075379000000001,4.25,2.625
4.414637,5.113552,2.361816,4.626182,4.25,2.625
5.482742,6.286149999999998,4.426878,4.9383669999999995,4.25,2.625
6.250978999999999,5.295774,5.4850259999999995,3.646172,4.25,2.625
3.566567,5.971961,6.5069609999999996,5.412384,4.25,2.625
4.544200999999999,5.512543,6.267515,2.980065,4.25,2.625
5.670433999999998,5.917433999999998,1.7,4.413506,4.25,2.625
6.372655000000001,4.865723,4.213527000000001,4.277563000000001,4.25,2.625
3.537168,5.735316,5.473587,5.534464,4.25,2.625
4.580992999999999,5.30342,6.396209,6.447309999999999,4.25,2.625
5.449592,6.629422,3.7672040000000004,2.884028,4.25,2.625
6.1625309999999995,5.414308,2.666665,2.6228810000000005,4.25,2.625
3.408327,5.536785,4.486068,4.636007,4.25,2.625
4.514637,4.976868,5.812236000000001,5.6859589999999995,4.25,2.625
5.482742,6.242375,6.572176999999999,5.485223,4.25,2.625
6.200978999999999,5.2014309999999995,1.1,4.7635440000000004,4.25,2.625
3.5165669999999998,5.887181,3.5387820000000003,3.655551,4.25,2.625
4.4942009999999994,5.516083,4.648402000000001,5.563944000000001,4.25,2.625
5.620433999999999,6.558287999999999,5.6112519999999995,5.506682,4.25,2.625
6.322655000000001,4.752584000000001,5.242635,3.190352,4.25,2.625
3.4871679999999996,5.630498,2.355301,5.013043000000001,4.25,2.625
4.530993,5.212793,3.897507,6.566209000000001,4.25,2.625
5.399592,6.548432,4.93797,4.295784,4.25,2.625
6.262531,5.340398,3.9398489999999997,5.217301999999999,4.25,2.625
3.408327,6.166765,1.86,3.665904,4.25,2.625
4.514637,4.954155999999999,3.4047650000000003,5.750007000000001,4.25,2.625
5.482742,6.1729639999999995,4.644055,5.676944000000001,4.25,2.625
6.200978999999999,5.142539,5.5594079999999995,3.735882,4.25,2.625
3.5165669999999998,5.825321000000001,4.540470999999999,4.139514,4.25,2.625
4.4942009999999994,5.4600729999999995,2.3551480000000002,3.8106700000000004,4.25,2.625
5.620433999999999,6.506737999999999,4.563373000000001,5.417275000000001,4.25,2.625
6.322655000000001,4.750745,5.06583,6.652732,4.25,2.625
3.4871679999999996,5.535064,6.004948000000001,5.292499999999999,4.25,2.625
4.530993,5.133155,3.175415,3.2746540000000004,4.25,2.625
5.399592,6.478650999999999,2.965764,5.0348939999999995,4.25,2.625
6.262531,5.277527999999999,4.251743,5.373139,4.25,2.625
3.408327,6.109085,5.671035999999999,4.036624000000001,4.25,2.625
4.514637,5.598444,6.765465000000001,4.990988,4.25,2.625
5.482742,6.072994,4.374535,2.9488220000000003,4.25,2.625
6.200978999999999,5.060674000000001,2.166665,4.854388,4.25,2.625
3.543627,5.764082,4.326890000000001,4.064684,4.25,2.625
4.590193,5.405283,5.3633880000000005,5.636734,4.25,2.625
5.707222,6.4566979999999985,6.359684000000001,5.302591,4.25,2.625
6.322655000000001,5.387548000000001,3.967204,3.179052,4.25,2.625
3.6174229999999996,5.475009,2.8375060000000003,5.134581999999999,4.25,2.625
4.530993,5.094891,4.563832,4.806094999999999,4.25,2.625
5.539067999999999,6.415633,5.791581,5.994901999999999,4.25,2.625
4.962067,5.221508,5.083550999999999,3.561383,4.25,2.625
3.5165669999999998,6.058155,1.866666,5.160246000000001,4.25,2.625
4.629078,5.621601,3.075639,4.059553,4.25,2.625
5.482742,6.102549000000001,4.835554,5.612672000000001,4.25,2.625
6.262531,4.983583,5.875521999999999,5.276527999999999,4.25,2.625
3.543627,5.770033,3.5634369999999995,3.5543109999999998,4.25,2.625
4.590193,5.347783,2.5606090000000004,5.380852999999999,4.25,2.625
5.707222,6.466229999999999,4.339093000000001,6.564603,4.25,2.625
6.322655000000001,5.356308,4.753704000000001,7.690253,4.25,2.625
3.6174229999999996,5.134855,5.553707999999999,2.17978,4.25,2.625
4.530993,5.094892,1.6,4.111886,4.25,2.625
5.539067999999999,6.363415,3.603409,5.971757,4.25,2.625
4.962067,5.162369,4.581948000000001,5.992607,4.25,2.625
3.4165669999999997,6.030139,5.831833,7.185256999999998,4.25,2.625
4.629078,5.57432,3.1093590000000004,2.036254,4.25,2.625
5.482742,6.158279,3.166741,4.255070999999999,4.25,2.625
6.262531,5.02346,4.103591,5.878887000000001,4.25,2.625
3.543627,5.827215,5.454389999999999,6.766515999999998,4.25,2.625
4.590193,5.478059,6.236153999999999,5.000821999999999,4.25,2.625
5.707222,6.492789999999999,1.0,3.316942,4.25,2.625
6.322655000000001,5.430598,3.3900890000000006,4.126962000000001,4.25,2.625
3.6174229999999996,4.114529,4.838402000000001,5.759831,4.25,2.625
4.530993,5.217921,5.812236000000001,4.351908,4.25,2.625
5.539067999999999,6.397946,6.718622999999999,2.1506030000000003,4.25,2.625
4.962067,5.202248,4.1478720000000004,3.2949770000000003,4.25,2.625
3.5165669999999998,6.065969,2.682205,5.0078949999999995,4.25,2.625
4.629078,5.62385,3.8664639999999997,4.513867,4.25,2.625
5.482742,6.208933,5.363494,5.8209399999999984,4.25,2.625
6.262531,4.956049999999999,4.983051,2.335776,4.25,2.625
3.543627,5.770947,4.6202939999999995,4.3623840000000005,4.25,2.625
4.590193,5.4287589999999994,3.009583,5.620769999999999,4.25,2.625
5.707222,6.448359999999998,4.695125000000002,4.62662,4.25,2.625
6.322655000000001,5.389838,5.506682,5.899627,4.25,2.625
3.6174229999999996,4.11442,3.157288,3.8400620000000005,4.25,2.625
4.530993,5.146782999999999,4.593885,5.613460000000001,4.25,2.625
5.539067999999999,6.339655,3.42689,6.623422000000001,4.25,2.625
4.962067,5.141851,4.753704000000001,4.115654,4.25,2.625
3.5165669999999998,6.011819,5.955039999999999,2.765764,4.25,2.625
4.629078,5.57433,3.8176609999999997,3.823072,4.25,2.625
5.482742,6.8536280000000005,2.9610760000000003,5.588053,4.25,2.625
6.262531,4.881882,3.4664639999999998,6.921897000000001,4.25,2.625
3.543627,5.698534,5.001646000000001,7.832333999999999,4.25,2.625
4.590193,5.366484,4.314411000000001,2.0604500000000003,4.25,2.625
5.707222,6.392879999999999,2.166666,4.526615,4.25,2.625
6.322655000000001,5.3393180000000005,3.696843,4.902338,4.25,2.625
3.6444829999999997,4.735577,4.962022999999999,6.332912000000002,4.25,2.625
4.530993,5.11612,5.9507069999999995,7.304328,4.25,2.625
5.674407999999999,6.263835,1.378871,1.914301,4.25,2.625
4.962067,5.077459,3.041711,4.498616000000001,4.25,2.625
3.6174229999999996,5.954859,4.4626660000000005,5.823276,4.25,2.625
4.718862,5.558002,5.243952,7.0755599999999985,4.25,2.625
5.555698,6.806068000000001,6.145432,2.15196,4.25,2.625
4.962067,4.88188,1.2,2.0,4.25,2.625
3.543627,5.6860930000000005,3.7055369999999996,4.449862,4.25,2.625
4.7046339999999995,5.354446999999999,4.92699,6.049011,4.25,2.625
5.775698,6.379402999999999,6.0848770000000005,6.907606999999999,4.25,2.625
6.322655000000001,5.2865079999999995,3.3081359999999997,1.8188589999999998,4.25,2.625
3.6444829999999997,4.758215,4.966818,4.062217000000001,4.25,2.625
4.530993,5.167476000000001,5.925972000000001,5.335674,4.25,2.625
5.674407999999999,6.179392999999999,3.836247,6.204324,4.25,2.625
4.962067,5.008058,5.4534259999999986,4.329483,4.25,2.625
3.6174229999999996,5.578086000000001,3.397636,2.521204,4.25,2.625
4.718862,5.558103,5.0933720000000005,4.747745999999999,4.25,2.625
5.555698,6.771986,3.4057610000000005,5.886427999999999,4.25,2.625
4.962067,5.526594,3.8879400000000004,4.601286,4.25,2.625
3.543627,5.659609000000001,5.467344,2.943644,4.25,2.625
4.7046339999999995,5.300292,3.190352,4.227801,4.25,2.625
5.775698,6.347948,4.890340999999999,5.948762,4.25,2.625
6.322655000000001,5.279590000000001,3.104548,5.8389240000000004,4.25,2.625
3.6444829999999997,4.731411,4.798986000000001,4.485169999999999,4.25,2.625
4.530993,5.924854,2.876813,2.8340609999999997,4.25,2.625
5.674407999999999,6.163767,4.6094859999999995,4.5624780000000005,4.25,2.625
4.962067,4.932243,2.7908600000000003,5.825086000000001,4.25,2.625
3.6174229999999996,4.493258,3.9362470000000003,6.925524,4.25,2.625
4.718862,5.491342999999999,4.818502,7.988889,4.25,2.625
5.555698,6.711536,2.4526320000000004,2.33583,4.25,2.625
4.962067,5.479044,2.281711,3.7822050000000003,4.25,2.625
3.543627,5.659609000000001,3.8868899999999997,5.303471,4.25,2.625
4.7046339999999995,5.220515,5.079016999999999,6.656319999999999,4.25,2.625
5.775698,6.281194999999999,5.927708,4.430153000000001,4.25,2.625
6.322655000000001,5.237204,3.550339,2.507844,4.25,2.625
3.6444829999999997,4.678601,3.2822050000000003,4.636752000000001,4.25,2.625
4.530993,5.876374,4.442648,6.134772000000001,4.25,2.625
5.674407999999999,6.163767,5.394706000000001,7.135259999999998,4.25,2.625
4.962067,4.847801,3.0389399999999993,1.0,4.25,2.625
3.6174229999999996,4.423857,4.517650000000001,2.826665,4.25,2.625
4.718862,5.440821,3.846161000000001,4.871811000000001,4.25,2.625
5.555698,6.666276000000001,5.035955000000001,6.144665999999999,4.25,2.625
4.962067,5.429574,6.040868999999999,7.075005,4.25,2.625
3.543627,6.304323,3.347708,2.10259,4.25,2.625
4.7046339999999995,5.146370999999999,5.0268630000000005,4.3985650000000005,4.25,2.625
5.775698,6.208800999999999,6.069674000000001,5.585913,4.25,2.625
6.322655000000001,5.174948,3.4879400000000005,5.332438000000001,4.25,2.625
3.6444829999999997,4.623131,5.314711999999999,1.5,4.25,2.625
4.530993,5.825864,3.401065,3.285303,4.25,2.625
5.674407999999999,6.784931,5.417361000000001,4.8157939999999995,4.25,2.625
4.962067,4.817144000000001,6.250623000000001,6.040644,4.25,2.625
3.7393069999999993,4.3480419999999995,3.793442,4.78776,4.25,2.625
4.718862,5.376434,2.365764,2.76733,4.25,2.625
5.691037999999999,6.609326,4.088093,4.673671000000001,4.25,2.625
4.962067,5.377954,5.208366,5.9743020000000016,4.25,2.625
3.6444829999999997,6.256773,3.5879400000000006,5.8521279999999996,4.25,2.625
4.813307,5.181672999999999,5.073803,4.507709,4.25,2.625
5.775698,6.129023999999999,2.9554560000000003,2.809608,4.25,2.625
4.962067,5.108195,4.792104,4.906599,4.25,2.625
3.669697,4.631899,5.39411,6.101297,4.25,2.625
4.609461,5.773054,4.021407999999999,7.099798,4.25,2.625
5.8225940000000005,6.736451000000001,4.892357000000001,4.903072,4.25,2.625
4.62192,4.817144000000001,2.765764,6.059845000000001,4.25,2.625
3.7393069999999993,4.263599999999999,4.121201,3.2114890000000003,4.25,2.625
4.718862,5.35839,4.215959999999999,5.589079,4.25,2.625
5.691037999999999,6.548994,5.261170000000001,6.755978999999999,4.25,2.625
4.962067,5.323864,3.057923,4.330316000000001,4.25,2.625
3.6444829999999997,5.890862,4.138133,3.1640420000000002,4.25,2.625
4.813307,5.861689,3.4002299999999996,4.41593,4.25,2.625
5.775698,6.089885,4.509144000000001,6.144328,4.25,2.625
4.962067,5.067341,5.484181999999999,5.957167000000001,4.25,2.625
3.669697,4.592089,3.0389399999999993,3.852449,4.25,2.625
4.609461,5.806353,5.029166000000001,3.115088,4.25,2.625
5.8225940000000005,6.685941,3.760834,4.966503,4.25,2.625
4.62192,5.48686,5.166043,6.283080999999999,4.25,2.625
3.7393069999999993,4.232943000000001,5.580537000000001,4.1042819999999995,4.25,2.625
4.718862,5.418788999999999,3.657288,2.7464459999999997,4.25,2.625
5.691037999999999,6.499638,5.119405,4.38634,4.25,2.625
4.962067,5.266914,6.196323,5.732672000000001,4.25,2.625
3.6444829999999997,4.818801,3.793442,5.424165999999999,4.25,2.625
4.813307,5.814138999999999,2.424483,1.532883,4.25,2.625
5.775698,6.1487359999999995,4.376057,3.691547,4.25,2.625
4.962067,5.033015,5.6080450000000015,5.125024999999999,4.25,2.625
3.669697,4.536817,6.255144000000001,6.105059,4.25,2.625
4.609461,5.781489,3.985169999999999,5.726662999999999,4.25,2.625
5.8225940000000005,6.642100999999999,1.933332,3.3461100000000004,4.25,2.625
4.62192,5.4627740000000005,4.044393000000001,5.101590999999999,4.25,2.625
3.7393069999999993,4.232943000000001,5.212722,4.972387,4.25,2.625
4.618862,5.349154,3.711408,6.411672,4.25,2.625
5.691037999999999,6.430237,4.692969,1.6362539999999999,4.25,2.625
5.117368000000001,5.16416,3.144635,3.4506010000000003,4.25,2.625
3.799784,4.717471000000001,4.572557000000001,5.027639000000001,4.25,2.625
4.7133069999999995,5.721818999999999,5.608794999999999,6.308708,4.25,2.625
5.675698,6.753950000000001,3.793442,7.2709259999999984,4.25,2.625
4.862067000000001,4.944959999999999,1.933332,4.820922,4.25,2.625
3.569697,4.387076,3.4324290000000004,5.370967,4.25,2.625
4.509461,5.653961,4.629226,3.5435570000000007,4.25,2.625
5.8225940000000005,6.519091,4.221884,5.570492,4.25,2.625
4.67192,5.342194,5.285245,5.528067000000001,4.25,2.625
3.7893069999999995,4.797357,2.335776,4.907491,4.25,2.625
4.768862,5.948404,4.3531010000000006,6.310419000000001,4.25,2.625
5.741037999999999,6.254834,3.0268900000000003,4.362405,4.25,2.625
5.012067,5.060651,4.41934,6.273503,4.25,2.625
3.7893069999999995,4.637002,4.111191,2.921428,4.25,2.625
4.948779,5.649679,3.791964,4.574802,4.25,2.625
5.825698,6.687989999999999,5.3151589999999995,3.5226420000000003,4.25,2.625
4.862067000000001,5.581873999999999,3.672206,5.147854000000001,4.25,2.625
3.669697,4.341756999999999,4.893181,6.34718,4.25,2.625
4.774801,5.490309,2.7215119999999997,3.941852,4.25,2.625
5.966849999999999,6.3900820000000005,4.157017000000001,5.7093810000000005,4.25,2.625
4.62192,5.237204,5.332223000000001,4.606627,4.25,2.625
3.764521,4.769645,6.387316000000001,4.503154,4.25,2.625
4.718862,5.926264,4.075169999999999,4.441179000000001,4.25,2.625
5.8225940000000005,6.239323000000001,1.709525,3.661408,4.25,2.625
4.62192,4.9125369999999995,4.5338650000000005,4.080519,4.25,2.625
3.7393069999999993,4.513641,5.234526000000001,5.2740920000000004,4.25,2.625
4.898779,5.593034,6.264444,6.460800999999999,4.25,2.625
5.775698,6.609609000000001,2.775415,4.023237999999999,4.25,2.625
4.962067,5.508041999999999,2.5,3.4186260000000006,4.25,2.625
3.669697,5.052913,4.251743,3.9862070000000003,4.25,2.625
4.774801,5.433283999999999,5.473687000000001,5.426972000000001,4.25,2.625
5.966849999999999,6.317688,6.490514999999999,6.576064,4.25,2.625
4.52192,5.206487999999999,1.778871,4.065285,4.25,2.625
3.764521,4.727091,3.330089,3.64174,4.25,2.625
4.718862,5.972523,4.841831000000001,5.264448,4.25,2.625
5.8225940000000005,6.852537,5.796075999999999,6.300414000000001,4.25,2.625
4.62192,4.88188,3.8851699999999996,6.025456999999999,4.25,2.625
3.7393069999999993,4.446875,1.4,4.078054,4.25,2.625
4.898779,5.552817,3.858874,5.925895,4.25,2.625
5.775698,6.614547,4.821187,3.9912150000000004,4.25,2.625
4.962067,5.493755999999999,3.932835,5.799470999999999,4.25,2.625
3.669697,4.997253,3.6733469999999997,3.694307,4.25,2.625
4.774801,5.433283999999999,3.135776,5.386458,4.25,2.625
5.966849999999999,6.22372,4.309283000000001,6.775227000000001,4.25,2.625
4.62192,5.171275,5.264802999999999,4.6318600000000005,4.25,2.625
3.764521,4.678051,4.599848999999999,4.968044,4.25,2.625
4.718862,5.952049,2.485776,3.00066,4.25,2.625
5.8225940000000005,6.8120069999999995,4.101018000000001,5.278882,4.25,2.625
4.62192,4.88188,5.426531,3.780765,4.25,2.625
3.7393069999999993,4.37583,3.4879400000000005,4.843725999999999,4.25,2.625
4.898779,5.494604,4.918501999999999,5.059671,4.25,2.625
5.775698,6.564024999999999,2.361816,4.524552,4.25,2.625
4.962067,5.4484960000000004,4.426878,6.074197,4.25,2.625
3.669697,4.9558930000000005,5.335026,3.3829220000000007,4.25,2.625
4.774801,6.077997999999999,6.35166,5.118501999999999,4.25,2.625
5.966849999999999,6.163767,6.165828,2.859646,4.25,2.625
4.62192,5.0988809999999996,2.033944,4.3199629999999996,4.25,2.625
3.764521,4.615795,4.492398,4.172847,4.25,2.625
4.718862,5.896579,5.473587,5.421704,4.25,2.625
5.8225940000000005,6.761497,6.496208999999999,6.367983999999999,4.25,2.625
4.62192,5.503044,3.7672040000000004,4.029654,4.25,2.625
3.7393069999999993,4.345173,2.566665,2.4228810000000003,4.25,2.625
4.898779,5.418788999999999,4.330767,4.287668,4.25,2.625
5.775698,6.499638,5.733593000000001,5.550815,4.25,2.625
4.962067,5.391546,6.5272499999999996,5.379209,4.25,2.625
3.669697,4.895443,1.578871,4.658828,4.25,2.625
4.952846,5.384774999999999,3.6155370000000007,3.5328209999999998,4.25,2.625
6.042744000000001,6.194871000000001,4.7879760000000005,5.452614000000001,4.25,2.625
4.62192,5.136232999999999,5.7582819999999995,6.6261719999999995,4.25,2.625
3.788227,4.690475,2.775415,2.990352,4.25,2.625
4.794417999999999,5.924949,2.266666,4.533886000000001,4.25,2.625
5.966849999999999,6.7872770000000004,3.8642719999999997,6.428478000000001,4.25,2.625
4.62192,5.5268239999999995,5.078681999999999,4.177097999999999,4.25,2.625
3.854305,4.345289,4.264041,5.111403999999999,4.25,2.625
4.980523,5.507593999999999,1.86,3.652134,4.25,2.625
5.838778,6.532470000000001,3.662441,5.637847000000001,4.25,2.625
4.62192,5.420475999999999,4.705942,6.8072159999999995,4.25,2.625
3.669697,4.991740999999999,5.459407999999999,4.842751,4.25,2.625
4.952846,6.054507999999999,4.414712,3.675415,4.25,2.625
6.042744000000001,6.182684999999999,2.589085,3.670196,4.25,2.625
4.62192,5.075470999999999,4.595201,5.342267000000001,4.25,2.625
3.788227,4.668534,5.484274999999999,6.588865,4.25,2.625
4.794417999999999,5.907294,5.986866,5.177680999999999,4.25,2.625
5.966849999999999,6.735417,3.275415,3.2128140000000003,4.25,2.625
4.62192,5.510593999999999,3.03243,5.083162999999999,4.25,2.625
3.854305,4.34518,4.3762989999999995,6.526426000000001,4.25,2.625
4.980523,5.4620109999999995,5.568754,3.4879400000000005,4.25,2.625
5.838778,6.520359999999999,6.785622999999999,4.847594999999999,4.25,2.625
4.62192,5.406939,4.3296079999999995,3.103352,4.25,2.625
3.669697,4.981752999999999,2.605536,4.818402000000001,4.25,2.625
4.952846,6.005967999999999,4.22689,4.286879000000001,4.25,2.625
6.042744000000001,6.239325,5.463388,5.725898,4.25,2.625
4.62192,5.037170999999999,6.359684000000001,3.4303259999999995,4.25,2.625
3.788227,4.599114,3.967204,4.370452,4.25,2.625
4.794417999999999,5.9142920000000005,2.582205,4.647107,4.25,2.625
5.966849999999999,6.681306999999999,4.485189,4.7291300000000005,4.25,2.625
4.62192,5.5010439999999985,5.7466539999999995,5.884118999999998,4.25,2.625
3.854305,4.989887,5.462421999999999,3.4530079999999996,4.25,2.625
4.980523,5.387862,1.766666,5.21742,4.25,2.625
5.838778,6.478721999999999,3.175639,4.01593,4.25,2.625
4.62192,5.370367,4.835554,5.515822000000002,4.25,2.625
3.669697,4.935733,5.875521999999999,6.558744,4.25,2.625
4.952846,5.964027999999999,3.3081359999999997,3.190352,4.25,2.625
6.042744000000001,6.868387,2.4511480000000003,5.346468999999999,4.25,2.625
4.62192,5.006511999999999,4.294166,6.503731999999999,4.25,2.625
3.788227,4.536459,5.132575000000001,7.613124999999999,4.25,2.625
4.794417999999999,5.860952,5.453708,2.272043,4.25,2.625
5.966849999999999,6.634067,1.7,4.048036,4.25,2.625
4.62192,5.4498039999999985,3.603409,5.906513,4.25,2.625
3.854305,4.950387,4.581948000000001,7.176216999999999,4.25,2.625
4.980523,5.387860999999999,5.607349999999999,6.652373999999999,4.25,2.625
5.838778,6.400333999999999,2.965415,1.932883,4.25,2.625
4.62192,5.304432,3.121814,4.1647349999999985,4.25,2.625
3.669697,4.877713,4.482462,5.767845000000001,4.25,2.625
4.952846,5.911617999999999,5.3543899999999995,6.657721,4.25,2.625
6.042744000000001,6.8202169999999995,6.336153999999999,4.885152,4.25,2.625
4.62192,5.006511999999999,1.0,3.2109520000000003,4.25,2.625
3.788227,4.453663000000001,3.547475,5.3027320000000016,4.25,2.625
4.952846,5.792469,4.648402000000001,5.226947999999999,4.25,2.625
6.10748,6.5743409999999995,5.668292000000001,4.232321000000001,4.25,2.625
4.62192,5.396144,6.730332,2.022412,4.25,2.625
3.878011,4.943993000000001,4.574534999999999,3.172012,4.25,2.625
4.980523,6.0649429999999995,2.582205,4.888585999999999,4.25,2.625
5.900329999999999,6.312278999999999,4.404548,4.397257000000001,4.25,2.625
4.62192,5.233078000000001,5.518466,5.714239999999998,4.25,2.625
3.7821170000000004,4.81612,3.268996,3.503666,4.25,2.625
5.124082999999999,5.8471779999999995,4.7825180000000005,3.8757170000000003,4.25,2.625
6.0581320000000005,6.761497,2.9808600000000003,5.498358,4.25,2.625
4.62192,5.715873,4.7035230000000015,4.527086,4.25,2.625
3.788227,4.469507,5.885553,5.775077999999999,4.25,2.625
4.952846,5.704687,3.1224000000000003,3.7195500000000004,4.25,2.625
6.10748,6.499638,2.381711,5.521475,4.25,2.625
4.62192,5.345381999999999,3.42689,6.5725190000000016,4.25,2.625
3.878011,4.926719,4.753704000000001,5.5533920000000006,4.25,2.625
4.980523,6.090585999999999,5.836139999999999,2.265764,4.25,2.625
5.900329999999999,6.32993,3.6981359999999994,3.8387439999999997,4.25,2.625
4.62192,5.14078,2.89173,5.630042,4.25,2.625
3.882117,4.760071999999999,4.283419,6.847393000000002,4.25,2.625
5.124082999999999,5.788607999999999,4.981418000000001,7.7459159999999985,4.25,2.625
6.0581320000000005,6.7634039999999995,2.638996,1.9419,4.25,2.625
4.62192,5.741885,2.466666,4.553435,4.25,2.625
3.788227,4.512389000000001,3.8120640000000003,6.107035000000001,4.25,2.625
4.952846,5.636875,4.772022999999999,6.00856,4.25,2.625
6.10748,6.430237,5.831182,7.026229000000001,4.25,2.625
4.62192,5.331214,1.283446,1.822412,4.25,2.625
3.878011,4.872629000000001,3.4205819999999996,4.562270000000001,4.25,2.625
4.980523,6.112233999999999,4.362666,5.880728999999999,4.25,2.625
5.900329999999999,7.027597,5.343952,7.043477999999999,4.25,2.625
4.62192,5.066636,6.145432,2.05177,4.25,2.625
3.882117,4.700199,1.2,3.65196,4.25,2.625
5.124082999999999,5.7370149999999995,3.5155370000000006,4.329856000000001,4.25,2.625
6.0581320000000005,6.7356229999999995,4.833544,5.778292,4.25,2.625
4.62192,5.714976,5.961307000000001,6.874801999999998,4.25,2.625
3.788227,5.141453,3.687006999999999,1.714301,4.25,2.625
4.952846,5.606218,4.866818,3.9788560000000004,4.25,2.625
6.10748,6.367583,6.025972000000001,5.224874000000002,4.25,2.625
4.62192,5.277876,3.836247,6.1034239999999995,4.25,2.625
3.878011,4.8253889999999995,5.4534259999999986,5.702945000000001,4.25,2.625
4.980523,6.0693839999999994,3.207636,2.221204,4.25,2.625
5.900329999999999,6.988097000000001,4.988071000000001,4.481216999999999,4.25,2.625
4.62192,5.066636,3.282191,5.780419999999999,4.25,2.625
3.882117,4.621812,4.244928,4.507743,4.25,2.625
5.124082999999999,5.671079999999999,5.367344,2.8290480000000002,4.25,2.625
6.0581320000000005,6.6776029999999995,3.290352,4.137924,4.25,2.625
4.62192,5.662566,4.890340999999999,5.864,4.25,2.625
3.788227,5.093283,3.104548,6.974754,4.25,2.625
4.952846,5.606218,4.648986000000001,4.285169999999999,4.25,2.625
6.10748,6.284787,2.7215119999999997,2.565764,4.25,2.625
4.62192,5.209393,4.507799,4.442059,4.25,2.625
3.9004570000000003,4.765663,3.2341740000000003,5.731543,4.25,2.625
5.0534789999999985,6.015724,4.266811,6.810928,4.25,2.625
5.976224,6.938967,5.038501999999999,7.867248999999999,4.25,2.625
4.62192,5.71135,2.538996,2.22532,4.25,2.625
3.9719010000000003,4.533757,2.4228810000000003,4.909895000000001,4.25,2.625
5.289266,5.5997259999999995,3.7868899999999996,5.003470999999999,4.25,2.625
6.073163,6.61601,4.957184,6.262437999999999,4.25,2.625
4.62192,5.607576,5.893378000000001,4.295009,4.25,2.625
3.9058230000000003,5.101984,3.8054119999999996,2.435163,4.25,2.625
5.124082999999999,6.235282,3.721076,4.552665,4.25,2.625
6.1228679999999995,6.239323000000001,4.636434999999999,6.012042000000001,4.25,2.625
4.62192,5.222969,5.572494000000001,7.023929999999998,4.25,2.625
3.9004570000000003,4.763317,3.0389399999999993,2.11949,4.25,2.625
5.0534789999999985,5.959283999999999,2.166665,2.681711,4.25,2.625
5.976224,6.904845999999999,3.9335620000000007,4.392654,4.25,2.625
4.62192,5.67185,5.009005,6.039491,4.25,2.625
3.9719010000000003,4.554193,6.069441999999999,5.772708999999999,4.25,2.625
5.189266,5.521338999999999,3.687006999999999,2.296692,4.25,2.625
6.163163,6.532811,5.168033000000001,4.3514610000000005,4.25,2.625
4.777221,5.498507000000001,6.216146,5.566428999999999,4.25,2.625
4.061124,5.035569,3.5214079999999996,6.490074999999999,4.25,2.625
5.024082999999999,6.136962,5.353141,2.5914,4.25,2.625
6.022868,6.923104,3.6139719999999995,2.8878700000000004,4.25,2.625
4.52192,5.169200999999999,5.393866,4.784689999999999,4.25,2.625
3.800457,4.640649,6.301807,5.975884000000001,4.25,2.625
4.953478999999999,5.942317999999999,4.172313,4.670567999999999,4.25,2.625
5.976224,6.836393000000001,2.265764,2.7904430000000002,4.25,2.625
4.67192,5.55388,4.188093,4.6157070000000004,4.25,2.625
4.021901000000001,5.143247,5.208366,5.960030000000001,4.25,2.625
5.339266,5.433283999999999,3.4879400000000005,7.036904,4.25,2.625
6.123163,6.442836,4.818502,2.8754150000000003,4.25,2.625
4.67192,5.410547,2.876813,2.9820160000000002,4.25,2.625
3.955823,4.967549,4.747177000000001,4.879993000000001,4.25,2.625
5.174082999999999,6.075582,5.772981000000001,6.069085000000001,4.25,2.625
6.172867999999999,6.884963000000001,3.9214079999999996,7.040495999999999,4.25,2.625
4.62192,5.828946,4.992357000000001,4.848368000000001,4.25,2.625
3.9004570000000003,4.512389000000001,2.765764,2.869586,4.25,2.625
5.0534789999999985,5.799213999999999,4.121201,4.491630000000001,4.25,2.625
5.976224,6.722723,3.960658999999999,5.056196,4.25,2.625
4.62192,5.46138,5.182527,6.6256889999999995,4.25,2.625
3.9719010000000003,5.059036999999999,3.0129960000000002,4.219533,4.25,2.625
5.289266,6.038497999999999,4.517004,3.0556670000000006,4.25,2.625
6.073163,6.382883,3.30023,4.309221,4.25,2.625
4.62192,5.272287,4.609144000000001,6.082,4.25,2.625
3.9058230000000003,4.850021,5.484181999999999,5.860317,4.25,2.625
5.124082999999999,5.971542,3.0389399999999993,5.05862,4.25,2.625
6.1228679999999995,6.790612999999999,4.773865000000001,2.582205,4.25,2.625
4.62192,5.765126,3.6513730000000004,4.87955,4.25,2.625
3.9004570000000003,4.512389000000001,5.121116000000001,6.190344999999999,4.25,2.625
5.0534789999999985,5.716417999999999,5.959408000000002,4.010067,4.25,2.625
5.976224,6.65424,3.557288,2.638709,4.25,2.625
4.52192,5.401654,5.219405,4.28001,4.25,2.625
4.081079000000001,4.996177,6.288999,5.627382,4.25,2.625
5.306917,5.980977999999999,3.8398489999999996,6.6077759999999985,4.25,2.625
6.073163,7.027597,2.2,1.0,4.25,2.625
4.62192,5.184232,4.232113,3.574594,4.25,2.625
4.103847,4.766146,5.686519,4.99892,4.25,2.625
5.289266,5.899286,6.634015000000001,5.983619,4.25,2.625
6.137899,6.726173,3.8851699999999996,5.608527999999999,4.25,2.625
4.62192,5.7605260000000005,2.1533320000000002,3.23044,4.25,2.625
4.018053,5.192404,4.206110000000001,5.019613999999999,4.25,2.625
5.124082999999999,5.670953999999999,5.274598,6.165388,4.25,2.625
6.0581320000000005,6.566458,3.5539639999999997,5.878788999999999,4.25,2.625
3.2613320000000003,5.415148,3.365415,1.516667,4.25,2.625
4.081079000000001,4.939227,3.39576,3.32241,4.25,2.625
5.306917,5.979248,4.999454,4.904674,4.25,2.625
6.073163,5.636577999999999,5.601470999999999,6.189399,4.25,2.625
4.62192,5.213631000000001,3.9398489999999997,7.183857999999999,4.25,2.625
4.103847,4.706805,1.933332,4.740494,4.25,2.625
5.289266,5.832533,3.4324290000000004,6.702955,4.25,2.625
6.137899,6.6852540000000005,4.503999,3.066464,4.25,2.625
4.62192,5.761836000000001,4.07794,5.574588,4.25,2.625
4.018053,5.184908999999999,5.240318,5.461509000000001,4.25,2.625
5.124082999999999,5.751242,2.8068230000000005,4.782942,4.25,2.625
6.0581320000000005,6.482016,4.407414000000001,6.237933,4.25,2.625
3.2613320000000003,5.375146,3.1268900000000004,4.634422000000001,4.25,2.625
4.081079000000001,4.878895,4.575168,6.211384,4.25,2.625
5.306917,6.031572,4.111191,4.133071000000001,4.25,2.625
6.073163,5.638464999999999,3.6019639999999997,4.374802,4.25,2.625
4.62192,5.858345000000001,5.171215,3.365003,4.25,2.625
4.103847,4.632661000000001,3.6028599999999997,5.043684000000001,4.25,2.625
5.289266,5.760139000000001,5.272052,6.250525000000001,4.25,2.625
6.137899,6.675951,2.621512,3.897786,4.25,2.625
4.52192,5.715816,4.257017,5.741601,4.25,2.625
4.018053,5.134399,5.332223000000001,4.526914,4.25,2.625
5.124082999999999,5.724101,6.387316000000001,5.729164,4.25,2.625
6.0581320000000005,6.539825,3.8851699999999996,4.041179000000001,4.25,2.625
3.2613320000000003,5.4223680000000005,1.59,1.9,4.25,2.625
4.081079000000001,4.919817,4.43844,4.012643,4.25,2.625
5.306917,6.068192000000001,5.613397000000001,5.335323000000001,4.25,2.625
6.073163,5.671915,6.1644440000000005,6.393963999999999,4.25,2.625
4.62192,5.213747000000001,2.8754150000000003,3.9133679999999993,4.25,2.625
4.103847,4.6782330000000005,2.5,3.518436,4.25,2.625
5.289266,5.809187,4.251743,5.138167000000001,4.25,2.625
6.137899,6.717977,5.2836870000000005,5.1669920000000005,4.25,2.625
4.62192,5.7437260000000006,6.397069,6.253652,4.25,2.625
4.018053,5.168369,1.6553010000000001,3.973396,4.25,2.625
5.124082999999999,6.417384000000001,3.70896,3.537182,4.25,2.625
6.0581320000000005,6.451388,4.741831,5.1510869999999995,4.25,2.625
3.2613320000000003,5.350697,5.896075999999999,6.189614000000001,4.25,2.625
4.081079000000001,4.857944,3.8851699999999996,5.940834999999999,4.25,2.625
5.306917,6.012942000000001,1.4,5.235592,4.25,2.625
6.073163,5.621535,3.668874,5.625895,4.25,2.625
4.62192,5.8427050000000005,4.715886,3.6829220000000005,4.25,2.625
4.189318999999999,4.632668,4.291182999999999,5.6934629999999995,4.25,2.625
5.448993,5.734484,4.153607,3.589749,4.25,2.625
6.137899,6.654252,3.102442,5.2620819999999995,4.25,2.625
4.62192,5.687216000000001,4.454691000000001,6.6546470000000015,4.25,2.625
4.1262929999999995,5.154846999999999,5.3543899999999995,4.52214,4.25,2.625
5.210797999999999,6.377824,4.6451699999999985,6.103873999999999,4.25,2.625
6.137899,6.451361,2.335776,2.70066,4.25,2.625
3.2613320000000003,5.326408,4.055717,4.9705889999999995,4.25,2.625
4.185269,4.79199,5.450615,3.6793880000000003,4.25,2.625
5.3240359999999995,6.003463999999999,3.8449280000000003,4.765652,4.25,2.625
6.073163,5.5691049999999995,4.848044,4.945074999999999,4.25,2.625
3.3789279999999997,5.794525,2.7526319999999997,4.402912000000001,4.25,2.625
4.189318999999999,4.632662,4.672557,5.986390999999999,4.25,2.625
5.448993,5.651682,5.374599999999999,4.510612,4.25,2.625
6.137899,5.242295,6.38523,4.818502,4.25,2.625
4.62192,5.6568890000000005,6.010527000000001,2.465764,4.25,2.625
4.1262929999999995,5.159401000000001,2.421967,4.284818,4.25,2.625
5.210797999999999,6.34913,4.577839,4.1287199999999995,4.25,2.625
6.137899,7.096073,5.906557000000001,5.316988,4.25,2.625
3.2613320000000003,5.292472000000001,6.541529999999999,6.28902,4.25,2.625
4.185269,4.808833,3.867204,4.170451999999999,4.25,2.625
5.3240359999999995,6.022159,2.626665,3.62494,4.25,2.625
6.073163,5.564005,4.388706,4.125752,4.25,2.625
3.3789279999999997,5.744375000000001,5.578292,5.220561999999999,4.25,2.625
4.189318999999999,5.281342,6.478148999999999,3.5181909999999994,4.25,2.625
5.448993,5.606218,1.533944,4.540142,4.25,2.625
6.137899,5.219030999999999,3.894408000000001,3.4723309999999996,4.25,2.625
4.62192,5.593235000000001,4.7879760000000005,5.502261,4.25,2.625
4.1262929999999995,5.1029610000000005,5.858282,6.514011999999999,4.25,2.625
5.210797999999999,6.359197999999999,2.775415,4.1015820000000005,4.25,2.625
6.137899,7.056573,2.166666,5.783105000000001,4.25,2.625
3.2613320000000003,5.292472000000001,3.7089709999999996,6.0747620000000015,4.25,2.625
4.185269,4.773491,5.000038999999999,4.052039000000001,4.25,2.625
5.3240359999999995,5.988923,4.219113999999999,5.4038699999999995,4.25,2.625
6.073163,5.532514999999999,2.138871,3.724304,4.25,2.625
3.3789279999999997,5.700875000000001,3.5624409999999997,5.615676000000001,4.25,2.625
4.189318999999999,5.241332,4.805942,6.775506,4.25,2.625
5.448993,5.606218,5.459407999999999,4.826884000000001,4.25,2.625
6.137899,5.150723999999999,4.314711999999999,3.1247320000000003,4.25,2.625
4.62192,5.53655,2.333784,3.2215119999999997,4.25,2.625
4.026293,5.053442,4.516558000000001,5.281611,4.25,2.625
5.210797999999999,6.305537999999999,5.439348,6.479743000000001,4.25,2.625
6.137899,7.007443,6.365737,5.070568,4.25,2.625
3.2613320000000003,5.9371860000000005,3.175415,3.158275,4.25,2.625
4.185269,4.6717889999999995,3.1324300000000003,5.015213,4.25,2.625
5.3240359999999995,5.906238,4.3762989999999995,6.437945999999999,4.25,2.625
6.073163,5.461022,5.568754,4.679340000000001,4.25,2.625
3.3789279999999997,5.6369750000000005,6.530322,4.314711999999999,4.25,2.625
4.189318999999999,5.183021999999999,4.250965,2.998647,4.25,2.625
5.448993,6.235282,2.5606090000000004,4.707618999999999,4.25,2.625
6.137899,5.090770999999999,4.605761,4.278504,4.25,2.625
4.62192,5.450131000000001,5.3633880000000005,5.619189,4.25,2.625
4.312621,4.9795810000000005,6.515924,3.3248159999999998,4.25,2.625
5.373437,6.249097999999999,3.967204,4.273602000000001,4.25,2.625
6.200978999999999,6.956203,2.582205,5.838507,4.25,2.625
3.2613320000000003,5.9229,4.370312,4.196247,4.25,2.625
4.314877,4.711023,5.790464999999999,5.753828999999999,4.25,2.625
5.3240359999999995,5.8593910000000005,3.642079999999999,3.3288880000000005,4.25,2.625
6.137899,5.395086999999999,2.445537,5.097448,4.25,2.625
3.3789279999999997,5.633075,3.5908600000000006,3.8989330000000004,4.25,2.625
4.293508999999999,5.130612,5.075243,5.417786000000001,4.25,2.625
5.466112,6.235664,5.875521999999999,6.453454000000001,4.25,2.625
6.137899,5.090770999999999,3.3672200000000005,4.373962000000001,4.25,2.625
3.3789279999999997,5.367335000000001,2.281711,4.813585999999999,4.25,2.625
4.312621,4.911098,4.184705000000001,6.405153999999999,4.25,2.625
5.373437,6.189371999999999,5.0876480000000015,7.517233999999999,4.25,2.625
6.200978999999999,5.541955,5.832579,2.1506030000000003,4.25,2.625
3.2613320000000003,5.978811,1.8,4.129901,4.25,2.625
4.314877,5.394971,3.7034089999999997,5.9375,4.25,2.625
5.3240359999999995,5.839942000000001,4.7035599999999995,7.121920000000001,4.25,2.625
6.137899,4.983586,5.687122,6.444541999999998,4.25,2.625
3.3789279999999997,5.625602000000001,1.0,1.4,4.25,2.625
4.293508999999999,5.163819,3.27787,4.17326,4.25,2.625
5.466112,6.265802000000001,4.640288000000001,5.639654,4.25,2.625
6.137899,5.769724999999999,5.854057999999999,6.568223999999999,4.25,2.625
3.3789279999999997,5.348931,6.236153999999999,4.810156000000001,4.25,2.625
4.312621,4.856094,1.5,3.094342,4.25,2.625
5.373437,6.125717999999999,3.547475,5.272787000000001,4.25,2.625
6.200978999999999,5.4855149999999995,4.648402000000001,6.554380999999999,4.25,2.625
3.2613320000000003,5.927571,5.478292000000001,3.793442,4.25,2.625
4.314877,5.355471,6.5863879999999995,1.9,4.25,2.625
5.3240359999999995,5.901249999999999,4.529608,3.255744,4.25,2.625
